File,Judge,Mode
2017_00005.htm.txt,John Moore, at plea and sentence
2017_00011.htm.txt,"Laura A. Ward, Melissa C. Jackson"," at suppression hearing, at jury trial and sentencing"
2017_00013.htm.txt,Bruce Allen,
2017_00014.htm.txt,Seth L. Marvin,
2017_00017.htm.txt,"Caesar D. Cirigliano, William McGuire"," at plea, at sentence"
2017_00020.htm.txt,Margaret Clancy,
2017_00022.htm.txt,Ann M. Donnelly,
2017_00027.htm.txt,"Edward J. McLaughlin, Richard D. Carruthers, Ronald A. Zweibel"," at hearing, at jury trial"
2017_00030.htm.txt,Patricia Anne Williams,
2017_00033.htm.txt,Michael Gross,
2017_00035.htm.txt,Robert Stolz,
2017_00037.htm.txt,George Villegas,
2017_00038.htm.txt,Larry Stephen,
2017_00043.htm.txt,Scarano,
2017_00044.htm.txt,Cawley,
2017_00045.htm.txt,McGill,
2017_00046.htm.txt,Lynch,
2017_00047.htm.txt,Milano,
2017_00048.htm.txt,McDermott,
2017_00049.htm.txt,Lynch,
2017_00050.htm.txt,Loyola,
2017_00071.htm.txt,Neil E. Ross,
2017_00072.htm.txt,James M. Burke,
2017_00077.htm.txt,Rena K. Uviller,
2017_00080.htm.txt,Juan M. Merchan,
2017_00082.htm.txt,"Richard Weinberg, Tamiko Amaker"," at plea, at sentencing"
2017_00085.htm.txt,Barbara F. Newman,
2017_00088.htm.txt,John W. Carter,
2017_00089.htm.txt,Charles Solomon,
2017_00097.htm.txt,Ronald A. Zweibel,
2017_00105.htm.txt,Michael Obus,
2017_00107.htm.txt,Margaret L. Clancy,
2017_00109.htm.txt,Judith Lieb,
2017_00113.htm.txt,Steven L. Barrett,
2017_00115.htm.txt,Troy K. Webber,
2017_00117.htm.txt,Ann M. Donnelly,
2017_00124.htm.txt,Roger S. Hayes,
2017_00127.htm.txt,Gregory Carro,
2017_00131.htm.txt,"Charles H. Solomon, Jill Konviser"," at first Gomberg inquiry, jur..."
2017_00134.htm.txt,Patricia DiMango,
2017_00136.htm.txt,Charles Solomon,
2017_00137.htm.txt,George R. Villegas,
2017_00175.htm.txt,Murphy,
2017_00176.htm.txt,Del Giudice,
2017_00177.htm.txt,Rooney,
2017_00178.htm.txt,R. Doyle,
2017_00179.htm.txt,Neary,
2017_00180.htm.txt,Honorof,
2017_00181.htm.txt,IDV Part,
2017_00182.htm.txt,D'Emic,
2017_00183.htm.txt,Hollie,
2017_00184.htm.txt,Mullings,
2017_00185.htm.txt,Hollie,
2017_00186.htm.txt,Sciarrino, J.
2017_00187.htm.txt,Lakritz,
2017_00188.htm.txt,Rosengarten,
2017_00189.htm.txt,Nelson,
2017_00190.htm.txt,Delligatti,
2017_00191.htm.txt,Melendez,
2017_00192.htm.txt,Freehill,
2017_00193.htm.txt,,
2017_00194.htm.txt,Honorof,
2017_00195.htm.txt,Brennan,
2017_00196.htm.txt,Hirsch,
2017_00197.htm.txt,Braslow,
2017_00198.htm.txt,Honorof,
2017_00199.htm.txt,Cacace,
2017_00200.htm.txt,Kahn,
2017_00201.htm.txt,DiMango,
2017_00202.htm.txt,Brennan,
2017_00212.htm.txt,Ceresia,
2017_00213.htm.txt,Giardino,
2017_00214.htm.txt,Lawliss,
2017_00215.htm.txt,Breslin,
2017_00216.htm.txt,Milano,
2017_00217.htm.txt,McGinty,
2017_00218.htm.txt,Catena,
2017_00238.htm.txt,Edward J. McLaughlin,
2017_00240.htm.txt,Richard D. Carruthers,
2017_00245.htm.txt,"Laura Ward, Larry Stephen"," at plea, at sentencing"
2017_00248.htm.txt,Michael J. Obus,
2017_00251.htm.txt,Michael Sonberg,
2017_00252.htm.txt,"Daniel Fitzgerald, Richard D. Carruthers"," at plea, at sentencing"
2017_00255.htm.txt,Marcy L. Kahn,
2017_00261.htm.txt,Edward J. McLaughlin,
2017_00262.htm.txt,Marcy L. Kahn,
2017_00267.htm.txt,Laura Ward,
2017_00270.htm.txt,Seth L. Marvin,
2017_00271.htm.txt,"William McGuire, Robert Torres"," at plea, at sentencing"
2017_00275.htm.txt,Juan Merchan,
2017_00278.htm.txt,"Cassandra M. Mullen, Wayne Ozzi"," at suppression hearing and nonjury trial, at sentencing"
2017_00314.htm.txt,Sullivan,
2017_00315.htm.txt,Zambelli,
2017_00316.htm.txt,Carter,
2017_00317.htm.txt,Donnelly,
2017_00318.htm.txt,Everett,
2017_00319.htm.txt,,
2017_00320.htm.txt,Shillingford,
2017_00321.htm.txt,Kohm,
2017_00322.htm.txt,Neary,
2017_00323.htm.txt,,
2017_00324.htm.txt,,
2017_00325.htm.txt,Gubbay,
2017_00326.htm.txt,Capeci,
2017_00327.htm.txt,Neary,
2017_00328.htm.txt,Chun,
2017_00329.htm.txt,Knopf,
2017_00330.htm.txt,D'Emic,
2017_00331.htm.txt,Delligatti,
2017_00332.htm.txt,Sullivan,
2017_00333.htm.txt,Lopez,
2017_00342.htm.txt,Ceresia,
2017_00343.htm.txt,Breslin,
2017_00344.htm.txt,Main Jr.,
2017_00345.htm.txt,Giardino,
2017_00346.htm.txt,Breslin,
2017_00347.htm.txt,Keene,
2017_00348.htm.txt,Lynch,
2017_00349.htm.txt,Richards,
2017_00350.htm.txt,Williams,
2017_00384.htm.txt,Barbara F. Newman,
2017_00389.htm.txt,"Rena K. Uviller, Ronald A. Zweibel"," at suppression hearing, at plea and sentencing"
2017_00393.htm.txt,Gregory Carro,
2017_00394.htm.txt,Charles Solomon,
2017_00397.htm.txt,"Ann Donnelly, Jill Konviser"," at suppression hearing, at plea and sentencing"
2017_00398.htm.txt,"Efrain Alvarado, John W. Carter"," at plea, at sentencing"
2017_00401.htm.txt,"Gregory Carro, Daniel P. Fitzgerald"," at plea, at sentencing"
2017_00403.htm.txt,Jill Konviser,
2017_00404.htm.txt,Robert Stolz,
2017_00408.htm.txt,,
2017_00413.htm.txt,"Robert M. Stolz, James M. Burke"," at plea, at sentencing"
2017_00416.htm.txt,Bonnie Wittner,
2017_00417.htm.txt,Gregory Carro,
2017_00418.htm.txt,Charles Solomon,
2017_00420.htm.txt,Patricia Nunez,
2017_00427.htm.txt,Edward J. McLaughlin,
2017_00434.htm.txt,Marcy L. Kahn,
2017_00438.htm.txt,Larry Stephen,
2017_00440.htm.txt,Ann M. Donnelly,
2017_00443.htm.txt,Charles Solomon,
2017_00445.htm.txt,Jill Konviser,
2017_00449.htm.txt,Daniel P. Conviser,
2017_00477.htm.txt,Freehill,
2017_00478.htm.txt,Donnelly,
2017_00479.htm.txt,Cyrulnik,
2017_00480.htm.txt,Thorsen,
2017_00481.htm.txt,,
2017_00482.htm.txt,Koenderman,
2017_00483.htm.txt,Greller,
2017_00484.htm.txt,Everett,
2017_00485.htm.txt,Gugerty,
2017_00486.htm.txt,Nelson,
2017_00487.htm.txt,Lewis,
2017_00488.htm.txt,,
2017_00489.htm.txt,Ambro,
2017_00490.htm.txt,Zambelli,
2017_00491.htm.txt,Lopresto,
2017_00492.htm.txt,Zambelli,
2017_00493.htm.txt,,
2017_00494.htm.txt,Blumenfeld,
2017_00495.htm.txt,Kron,
2017_00496.htm.txt,Firetog,
2017_00497.htm.txt,Firetog,
2017_00498.htm.txt,,
2017_00499.htm.txt,Harrington,
2017_00500.htm.txt,Donnelly,
2017_00507.htm.txt,Hall Jr.,
2017_00508.htm.txt,Meyer,
2017_00509.htm.txt,Williams,
2017_00510.htm.txt,McKeighan,
2017_00538.htm.txt,"Maxwell Wiley, Ruth Pickholz"," at motions, at jury trial and sentencing"
2017_00543.htm.txt,Alvin Yearwood,
2017_00548.htm.txt,Raymond L. Bruce,
2017_00553.htm.txt,Joseph J. Dawson,
2017_00556.htm.txt,Patricia M. Nuñez,
2017_00558.htm.txt,Steven Lloyd Barrett,
2017_00559.htm.txt,Stephen J. Barrett,
2017_00565.htm.txt,Ralph Fabrizio,
2017_00570.htm.txt,"Herbert J. Adlerberg, Charles H. Solomon"," at hearing, at plea and sentencing"
2017_00573.htm.txt,Eduardo Padro,
2017_00575.htm.txt,Michael J. Obus,
2017_00582.htm.txt,Laura A. Ward,
2017_00587.htm.txt,Gregory Carro,
2017_00589.htm.txt,Bonnie G. Wittner,
2017_00590.htm.txt,Neil Ross,
2017_00592.htm.txt,Juan Merchan,
2017_00603.htm.txt,A. Kirke Bartley, J.
2017_00609.htm.txt,"Jill Konviser, Michael Sonberg"," at suppression hearing, at plea and sentencing"
2017_00610.htm.txt,Michael Sonberg,
2017_00617.htm.txt,Bonnie G. Wittner,
2017_00659.htm.txt,,
2017_00660.htm.txt,Grella,
2017_00661.htm.txt,Holder,
2017_00662.htm.txt,Lasak,
2017_00663.htm.txt,Foley,
2017_00664.htm.txt,Lewis,
2017_00665.htm.txt,Knopf,
2017_00666.htm.txt,Marrus,
2017_00667.htm.txt,Wong,
2017_00668.htm.txt,Cyrulnik,
2017_00669.htm.txt,Cohen,
2017_00670.htm.txt,Greller,
2017_00671.htm.txt,Holder,
2017_00672.htm.txt,W. Miller,
2017_00673.htm.txt,Blumenfeld,
2017_00674.htm.txt,Del Giudice,
2017_00675.htm.txt,Quinn,
2017_00676.htm.txt,Murphy,
2017_00677.htm.txt,Margulis,
2017_00678.htm.txt,Murphy,
2017_00679.htm.txt,Forman,
2017_00720.htm.txt,Raymond L. Bruce,
2017_00724.htm.txt,James M. Kindler,
2017_00728.htm.txt,George Villegas,
2017_00732.htm.txt,Thomas Farber,
2017_00735.htm.txt,"Michael A. Gross, John Moore"," at plea, at sentencing"
2017_00744.htm.txt,Dennis S. Cohen,
2017_00745.htm.txt,M. William Boller,
2017_00746.htm.txt,Russell P. Buscaglia,
2017_00747.htm.txt,M. William Boller,
2017_00748.htm.txt,Dennis S. Cohen,
2017_00760.htm.txt,Frank P. Geraci, J.
2017_00761.htm.txt,Craig J. Doran,
2017_00762.htm.txt,Craig J. Doran,
2017_00763.htm.txt,Vincent M. Dinolfo,
2017_00764.htm.txt,Dennis M. Kehoe,
2017_00775.htm.txt,Robert B. Wiggins,
2017_00776.htm.txt,W. Patrick Falvey,
2017_00777.htm.txt,John J. Brunetti,
2017_00778.htm.txt,Melchor E. Castro,
2017_00779.htm.txt,Michael L. Dwyer,
2017_00780.htm.txt,Thomas J. Miller,
2017_00787.htm.txt,Joseph W. Latham,
2017_00788.htm.txt,Thomas P. Franczyk,
2017_00791.htm.txt,James P. Punch,
2017_00792.htm.txt,Alex R. Renzi,
2017_00793.htm.txt,Douglas A. Randall,
2017_00794.htm.txt,Frank P. Geraci, J.
2017_00795.htm.txt,Robert B. Wiggins,
2017_00802.htm.txt,Donald E. Todd,
2017_00803.htm.txt,Thomas E. Moran,
2017_00804.htm.txt,Francis A. Affronti,
2017_00805.htm.txt,James J. Piampiano,
2017_00806.htm.txt,M. William Boller,
2017_00811.htm.txt,M. William Boller,
2017_00817.htm.txt,Dennis S. Cohen,
2017_00818.htm.txt,Dennis S. Cohen,
2017_00819.htm.txt,Anthony F. Aloi,
2017_00820.htm.txt,Thomas P. Franczyk,
2017_00827.htm.txt,James P. Punch,
2017_00829.htm.txt,Sara S. Farkas,
2017_00830.htm.txt,James P. Punch,
2017_00836.htm.txt,Deborah A. Haendiges,
2017_00837.htm.txt,Deborah A. Haendiges,
2017_00838.htm.txt,Deborah A. Haendiges,
2017_00839.htm.txt,Deborah A. Haendiges,
2017_00843.htm.txt,William F. Kocher,
2017_00844.htm.txt,James P. Punch,
2017_00847.htm.txt,Alex R. Renzi,
2017_00848.htm.txt,Thomas J. Miller,
2017_00849.htm.txt,Mark H. Fandrich,
2017_00850.htm.txt,Michael F. Pietruszka,
2017_00851.htm.txt,Mark H. Fandrich,
2017_00860.htm.txt,Thomas J. Miller,
2017_00870.htm.txt,Kenneth R. Fisher,
2017_00872.htm.txt,John J. Brunetti,
2017_00873.htm.txt,Michael L. Dwyer,
2017_00877.htm.txt,Joseph W. Latham,
2017_00878.htm.txt,William F. Kocher,
2017_00884.htm.txt,Joseph E. Fahey,
2017_00885.htm.txt,Daniel G. Barrett,
2017_00886.htm.txt,Daniel G. Barrett,
2017_00887.htm.txt,Peter C. Bradstreet,
2017_00888.htm.txt,Peter C. Bradstreet,
2017_00889.htm.txt,Peter C. Bradstreet,
2017_00897.htm.txt,,
2017_00898.htm.txt,,
2017_00899.htm.txt,,
2017_00900.htm.txt,,
2017_00901.htm.txt,,
2017_00902.htm.txt,,
2017_00903.htm.txt,,
2017_00904.htm.txt,,
2017_00905.htm.txt,,
2017_00913.htm.txt,,
2017_00918.htm.txt,Laura A. Ward,
2017_00925.htm.txt,Marcy L. Kahn,
2017_00935.htm.txt,Richard D. Carruthers,
2017_00939.htm.txt,Thomas A. Farber,
2017_00941.htm.txt,Peter J. Benitez,
2017_00944.htm.txt,Gregory Carro,
2017_00946.htm.txt,Maxwell Wiley,
2017_00997.htm.txt,,
2017_00998.htm.txt,Gubbay,
2017_00999.htm.txt,Firetog,
2017_01000.htm.txt,,
2017_01001.htm.txt,Balter,
2017_01002.htm.txt,Hinrichs,
2017_01003.htm.txt,,
2017_01004.htm.txt,,
2017_01005.htm.txt,Greller,
2017_01006.htm.txt,,
2017_01007.htm.txt,Aloise,
2017_01008.htm.txt,Berry,
2017_01009.htm.txt,Latella,
2017_01010.htm.txt,,
2017_01011.htm.txt,Rienzi,
2017_01023.htm.txt,Cawley,
2017_01024.htm.txt,Herrick,
2017_01025.htm.txt,Breslin,
2017_01026.htm.txt,Lynch,
2017_01027.htm.txt,Cawley,
2017_01028.htm.txt,Williams,
2017_01029.htm.txt,Morris,
2017_01030.htm.txt,Cawley,
2017_01031.htm.txt,Loyola,
2017_01032.htm.txt,Hayden,
2017_01033.htm.txt,Scarano,
2017_01034.htm.txt,McKeighan,
2017_01035.htm.txt,Lynch,
2017_01050.htm.txt,Thomas R. Morse,
2017_01052.htm.txt,Dennis F. Bender,
2017_01053.htm.txt,Vincent M. Dinolfo,
2017_01054.htm.txt,Vincent M. Dinolfo,
2017_01055.htm.txt,Thomas J. Miller,
2017_01058.htm.txt,John T. Ward,
2017_01059.htm.txt,Stephen D. Aronson,
2017_01069.htm.txt,Thomas J. Miller,
2017_01070.htm.txt,John L. DeMarco,
2017_01071.htm.txt,Christopher J. Burns,
2017_01073.htm.txt,Douglas A. Randall,
2017_01074.htm.txt,Alex R. Renzi,
2017_01075.htm.txt,Deborah A. Haendiges,
2017_01076.htm.txt,Peter C. Bradstreet,
2017_01077.htm.txt,Peter C. Bradstreet,
2017_01079.htm.txt,Thomas P. Franczyk,
2017_01080.htm.txt,Donald E. Todd,
2017_01081.htm.txt,James J. Piampiano,
2017_01082.htm.txt,Peter C. Bradstreet,
2017_01089.htm.txt,Russell P. Buscaglia,
2017_01090.htm.txt,Michael M. Mohun,
2017_01091.htm.txt,Terrence M. Parker,
2017_01093.htm.txt,Thomas G. Leone,
2017_01094.htm.txt,Douglas A. Randall,
2017_01095.htm.txt,John J. Brunetti,
2017_01096.htm.txt,Vincent M. Dinolfo,
2017_01100.htm.txt,Robert C. Noonan,
2017_01101.htm.txt,Deborah A. Haendiges,
2017_01102.htm.txt,Victoria M. Argento,
2017_01103.htm.txt,Joseph W. Latham,
2017_01104.htm.txt,Penny M. Wolfgang,
2017_01105.htm.txt,Francis A. Affronti,
2017_01106.htm.txt,Frederick G. Reed,
2017_01109.htm.txt,Michael L. Dwyer,
2017_01110.htm.txt,Joseph E. Fahey,
2017_01111.htm.txt,Michael F. Pietruszka,
2017_01113.htm.txt,John L. DeMarco,
2017_01114.htm.txt,Robert B. Wiggins,
2017_01115.htm.txt,Russell P. Buscaglia,
2017_01117.htm.txt,Robert C. Noonan,
2017_01125.htm.txt,"Wayne M. Ozzi, Neil Ross"," at jury trial and sentencing, at resentencing"
2017_01128.htm.txt,Laura A. Ward,
2017_01133.htm.txt,Abraham Clott,
2017_01135.htm.txt,James M. Kindler,
2017_01147.htm.txt,Cassandra M. Mullen,
2017_01149.htm.txt,Neil E. Ross, at plea and sentencing
2017_01152.htm.txt,"Bonnie G. Wittner, Daniel P. FitzGerald"," at hearing, at jury trial and sentencing"
2017_01154.htm.txt,Marcy L. Kahn,
2017_01158.htm.txt,Maxwell Wiley,
2017_01161.htm.txt,Shari R. Michels,
2017_01220.htm.txt,Harrington,
2017_01221.htm.txt,Cohen,
2017_01222.htm.txt,Camacho,
2017_01223.htm.txt,Firetog,
2017_01224.htm.txt,Donnino,
2017_01225.htm.txt,Zambelli,
2017_01226.htm.txt,,
2017_01227.htm.txt,Sciarrino,
2017_01228.htm.txt,,
2017_01229.htm.txt,Greller,
2017_01230.htm.txt,Leach,
2017_01231.htm.txt,,
2017_01232.htm.txt,Guzman,
2017_01233.htm.txt,Murphy,
2017_01234.htm.txt,Rooney,
2017_01235.htm.txt,,
2017_01236.htm.txt,Greller,
2017_01237.htm.txt,Griffin,
2017_01238.htm.txt,Alfieri,
2017_01239.htm.txt,Holder,
2017_01240.htm.txt,Kahn,
2017_01241.htm.txt,Firetog,
2017_01242.htm.txt,Rooney,
2017_01265.htm.txt,Analisa Torres,
2017_01267.htm.txt,Gregory Carro,
2017_01270.htm.txt,Arlene D. Goldberg,
2017_01273.htm.txt,Gregory Carro,
2017_01279.htm.txt,Daniel P. FitzGerald,
2017_01283.htm.txt,"Richard D. Carruthers, Daniel P. FitzGerald"," at suppression hearing, at plea and sentencing"
2017_01285.htm.txt,George Villegas,
2017_01291.htm.txt,Edward McLaughlin,
2017_01293.htm.txt,"Michael R. Sonberg, Bruce Allen",
2017_01299.htm.txt,Ruth Pickholz,
2017_01304.htm.txt,"Richard D. Carruthers, Bruce Allen"," at suppression hearing, at trial"
2017_01308.htm.txt,Edward McLaughlin,
2017_01309.htm.txt,"Melissa C. Jackson, Richard D. Carruthers"," at Darden hearing, jury..."
2017_01312.htm.txt,Neil E. Ross,
2017_01316.htm.txt,Gregory Carro,
2017_01318.htm.txt,Maxwell Wiley,
2017_01320.htm.txt,Edward J. McLaughlin,
2017_01375.htm.txt,Greller,
2017_01376.htm.txt,,
2017_01377.htm.txt,Marrus,
2017_01378.htm.txt,Kelly,
2017_01379.htm.txt,Hudson,
2017_01380.htm.txt,Molea,
2017_01381.htm.txt,Hollie,
2017_01382.htm.txt,Del Giudice,
2017_01383.htm.txt,Sullivan,
2017_01384.htm.txt,Murphy,
2017_01385.htm.txt,Forman,
2017_01386.htm.txt,Kahn,
2017_01387.htm.txt,Firetog,
2017_01388.htm.txt,,
2017_01389.htm.txt,De Rosa,
2017_01390.htm.txt,Lopresto,
2017_01391.htm.txt,,
2017_01392.htm.txt,Del Giudice,
2017_01393.htm.txt,Nelson,
2017_01394.htm.txt,Brennan,
2017_01406.htm.txt,Cawley,
2017_01407.htm.txt,McKeighan,
2017_01408.htm.txt,LaBuda,
2017_01409.htm.txt,Breslin,
2017_01410.htm.txt,Scarano,
2017_01411.htm.txt,Catena,
2017_01415.htm.txt,Sypniewski,
2017_01439.htm.txt,Daniel P. FitzGerald,
2017_01441.htm.txt,Ronald A. Zweibel,
2017_01443.htm.txt,Larry R.C. Stephen,
2017_01450.htm.txt,"Charles H. Solomon, Daniel P. FitzGerald",
2017_01453.htm.txt,Gregory Carro,
2017_01456.htm.txt,Eduardo Padro,
2017_01457.htm.txt,Melissa C. Jackson,
2017_01462.htm.txt,Lewis Bart Stone,
2017_01466.htm.txt,Ronald A. Zweibel,
2017_01468.htm.txt,James M. Burke,
2017_01471.htm.txt,Larry Stephen,
2017_01472.htm.txt,"James A. Yates, Ronald A. Zweibel"," at plea, at sentencing"
2017_01476.htm.txt,Gregory Carro,
2017_01490.htm.txt,Laura A. Ward,
2017_01496.htm.txt,Bonnie G. Wittner,
2017_01502.htm.txt,Jill Konviser,
2017_01504.htm.txt,Edward J. McLaughlin,
2017_01509.htm.txt,"Lawrence K. Marks, Renee A. White",
2017_01512.htm.txt,Juan M. Merchan,
2017_01516.htm.txt,Michael J. Obus,
2017_01517.htm.txt,Margaret L. Clancy,
2017_01519.htm.txt,Michael J. Obus,
2017_01558.htm.txt,Warhit,
2017_01559.htm.txt,Warhit,
2017_01560.htm.txt,Zambelli,
2017_01561.htm.txt,Buchter,
2017_01562.htm.txt,Zambelli,
2017_01563.htm.txt,DeRosa,
2017_01564.htm.txt,Holder,
2017_01565.htm.txt,Zambelli,
2017_01566.htm.txt,Kelly,
2017_01567.htm.txt,Holder,
2017_01568.htm.txt,Nelson,
2017_01569.htm.txt,Margulis,
2017_01570.htm.txt,Paradiso,
2017_01571.htm.txt,Everett,
2017_01572.htm.txt,Greller,
2017_01573.htm.txt,Harrington,
2017_01574.htm.txt,Efman,
2017_01575.htm.txt,,
2017_01576.htm.txt,Kahn,
2017_01577.htm.txt,Brennan,
2017_01594.htm.txt,Jacon,
2017_01595.htm.txt,Ceresia,
2017_01596.htm.txt,Hoye,
2017_01597.htm.txt,Hayden,
2017_01598.htm.txt,McDonough,
2017_01618.htm.txt,McKeighan,
2017_01632.htm.txt,Ronald A. Zweibel,
2017_01635.htm.txt,Michael Obus,
2017_01653.htm.txt,Judith Lieb,
2017_01656.htm.txt,Jill Konviser,
2017_01659.htm.txt,Troy K. Webber,
2017_01706.htm.txt,C. Quinn,
2017_01707.htm.txt,Corrigan,
2017_01708.htm.txt,Greller,
2017_01709.htm.txt,Chun,
2017_01710.htm.txt,Firetog,
2017_01711.htm.txt,,
2017_01712.htm.txt,Efman,
2017_01713.htm.txt,Lasak,
2017_01714.htm.txt,Firetog,
2017_01715.htm.txt,Gugerty,
2017_01716.htm.txt,Delligatti,
2017_01717.htm.txt,IDV Part,
2017_01718.htm.txt,Forman,
2017_01719.htm.txt,Buchter,
2017_01720.htm.txt,Kahn,
2017_01730.htm.txt,Giardino,
2017_01731.htm.txt,Catena,
2017_01732.htm.txt,Hall Jr.,
2017_01733.htm.txt,Rich Jr.,
2017_01734.htm.txt,Koweek,
2017_01735.htm.txt,Hall Jr.,
2017_01736.htm.txt,Loyola,
2017_01780.htm.txt,"Daniel P. Conviser, Rena K. Uviller",
2017_01786.htm.txt,Laura A. Ward,
2017_01790.htm.txt,Michael Sonberg,
2017_01791.htm.txt,Troy K. Webber,
2017_01794.htm.txt,"Ethan Greenberg, Raymond L. Bruce",
2017_01801.htm.txt,O. Peter Sherwood,
2017_01802.htm.txt,George Villegas,
2017_01807.htm.txt,Bonnie Wittner,
2017_01811.htm.txt,Daniel P. Conviser,
2017_01815.htm.txt,Seth L. Marvin,
2017_01817.htm.txt,Steven L. Barrett,
2017_01820.htm.txt,Daniel McCullough,
2017_01824.htm.txt,Bonnie Wittner,
2017_01830.htm.txt,Roger S. Hayes,
2017_01831.htm.txt,Jill Konviser,
2017_01836.htm.txt,A. Kirke Bartley, J.
2017_01876.htm.txt,Molea,
2017_01877.htm.txt,Greller,
2017_01878.htm.txt,Gubbay,
2017_01879.htm.txt,Rooney,
2017_01880.htm.txt,Konviser,
2017_01881.htm.txt,Simpson,
2017_01882.htm.txt,Buchter,
2017_01883.htm.txt,Spergel,
2017_01884.htm.txt,Chin-Brandt,
2017_01885.htm.txt,Griffin,
2017_01886.htm.txt,Del Giudice,
2017_01887.htm.txt,,
2017_01888.htm.txt,Schwartz,
2017_01889.htm.txt,Alfieri,
2017_01890.htm.txt,Kohm,
2017_01891.htm.txt,Kohm,
2017_01892.htm.txt,Del Giudice,
2017_01893.htm.txt,Condon,
2017_01894.htm.txt,Harrington,
2017_01897.htm.txt,Koenderman,
2017_01912.htm.txt,Lynch,
2017_01913.htm.txt,LaBuda,
2017_01914.htm.txt,McKeighan,
2017_01915.htm.txt,Smith,
2017_01916.htm.txt,Lynch,
2017_01917.htm.txt,Smith,
2017_01958.htm.txt,"Laura A. Ward, Juan Merchan", and resentenc...
2017_01962.htm.txt,Richard D. Carruthers,
2017_01965.htm.txt,Renee A. White,
2017_01969.htm.txt,John S. Moore,
2017_01971.htm.txt,Renee A. White,
2017_01975.htm.txt,Arlene D. Goldberg,
2017_01977.htm.txt,Edward J. McLaughlin,
2017_01980.htm.txt,Bruce Allen,
2017_01988.htm.txt,Larry R.C. Stephen,
2017_01989.htm.txt,"Jill Konviser, Patricia M. Nuñez, Juan M. Merc..."," at dismissal motion, at suppression hearing"
2017_01990.htm.txt,Michael R. Sonberg,
2017_01994.htm.txt,Michael R. Sonberg,
2017_01997.htm.txt,Edward J. McLaughlin,
2017_02000.htm.txt,Gregory Carro,
2017_02002.htm.txt,"Larry R.C. Stephen, Robert M. Stolz",
2017_02005.htm.txt,Jill Konviser,
2017_02050.htm.txt,Chin-Brandt,
2017_02051.htm.txt,Braun,
2017_02052.htm.txt,Corrigan,
2017_02053.htm.txt,Parker,
2017_02054.htm.txt,Shillingford,
2017_02055.htm.txt,Schwartz,
2017_02056.htm.txt,Forman,
2017_02057.htm.txt,Efman,
2017_02058.htm.txt,Weber,
2017_02059.htm.txt,Robbins,
2017_02060.htm.txt,Cohen,
2017_02061.htm.txt,Blumenfeld,
2017_02062.htm.txt,Lasak,
2017_02063.htm.txt,Donnelly,
2017_02064.htm.txt,Carter,
2017_02065.htm.txt,Firetog,
2017_02066.htm.txt,Warhit,
2017_02067.htm.txt,Greller,
2017_02068.htm.txt,Murphy,
2017_02069.htm.txt,Kohm,
2017_02070.htm.txt,Neary,
2017_02071.htm.txt,Ingram,
2017_02072.htm.txt,Minihan,
2017_02073.htm.txt,Del Giudice,
2017_02094.htm.txt,Drago,
2017_02095.htm.txt,Richards,
2017_02096.htm.txt,Lynch,
2017_02097.htm.txt,McKeighan,
2017_02098.htm.txt,Meyer,
2017_02099.htm.txt,Hard,
2017_02134.htm.txt,April A. Newbauer,
2017_02142.htm.txt,Daniel P. Conviser,
2017_02147.htm.txt,James M. Burke,
2017_02150.htm.txt,"Robert M. Stolz, Daniel P. FitzGerald",
2017_02160.htm.txt,Ellen N. Biben,
2017_02163.htm.txt,Ronald A. Zweibel,
2017_02166.htm.txt,William Condon,
2017_02169.htm.txt,Robert E. Torres,
2017_02174.htm.txt,Alex R. Renzi,
2017_02175.htm.txt,John J. Brunetti,
2017_02178.htm.txt,Daniel R. King,
2017_02182.htm.txt,Kenneth F. Case,
2017_02183.htm.txt,Robert C. Noonan,
2017_02184.htm.txt,Robert C. Noonan,
2017_02185.htm.txt,Michael L. D'Amico,
2017_02186.htm.txt,Robert C. Noonan,
2017_02189.htm.txt,Thomas J. Miller,
2017_02190.htm.txt,James J. Piampiano,
2017_02194.htm.txt,Thomas E. Moran,
2017_02195.htm.txt,Frank P. Geraci, J.
2017_02196.htm.txt,Thomas J. Miller,
2017_02198.htm.txt,Christopher J. Burns,
2017_02199.htm.txt,Penny M. Wolfgang,
2017_02200.htm.txt,Penny M. Wolfgang,
2017_02205.htm.txt,Gail A. Donofrio,
2017_02206.htm.txt,Frank P. Geraci, J.
2017_02207.htm.txt,Joseph E. Fahey,
2017_02208.htm.txt,Kenneth F. Case,
2017_02209.htm.txt,Thomas J. Miller,
2017_02212.htm.txt,Thomas E. Moran,
2017_02217.htm.txt,Matthew J. Murphy, J.
2017_02218.htm.txt,William F. Kocher,
2017_02219.htm.txt,Robert C. Noonan,
2017_02220.htm.txt,Daniel J. Doyle,
2017_02221.htm.txt,Melchor E. Castro,
2017_02222.htm.txt,Penny M. Wolfgang,
2017_02223.htm.txt,Michael L. Dwyer,
2017_02224.htm.txt,Victoria M. Argento,
2017_02225.htm.txt,Victoria M. Argento,
2017_02226.htm.txt,Donald E. Todd,
2017_02227.htm.txt,Donald E. Todd,
2017_02238.htm.txt,William F. Kocher,
2017_02239.htm.txt,Sara S. Farkas,
2017_02242.htm.txt,William F. Kocher,
2017_02247.htm.txt,James P. Punch,
2017_02248.htm.txt,William F. Kocher,
2017_02249.htm.txt,Russell P. Buscaglia,
2017_02250.htm.txt,Sara S. Sperrazza,
2017_02251.htm.txt,Deborah A. Haendiges,
2017_02252.htm.txt,Sara S. Farkas,
2017_02253.htm.txt,Penny M. Wolfgang,
2017_02261.htm.txt,Christopher S. Ciaccio,
2017_02262.htm.txt,James P. Punch,
2017_02263.htm.txt,Frederick G. Reed,
2017_02264.htm.txt,Victoria M. Argento,
2017_02265.htm.txt,Anthony F. Aloi,
2017_02266.htm.txt,Thomas J. Miller,
2017_02271.htm.txt,Alex R. Renzi,
2017_02272.htm.txt,Frederick G. Reed,
2017_02273.htm.txt,Frederick G. Reed,
2017_02274.htm.txt,James J. Piampiano,
2017_02275.htm.txt,Frederick G. Reed,
2017_02276.htm.txt,Frederick G. Reed,
2017_02279.htm.txt,John J. Ark,
2017_02281.htm.txt,Thomas J. Miller,
2017_02282.htm.txt,Daniel J. Doyle,
2017_02283.htm.txt,Sheila A. DiTullio,
2017_02284.htm.txt,David D. Egan,
2017_02290.htm.txt,Craig J. Doran,
2017_02291.htm.txt,Sara S. Farkas,
2017_02292.htm.txt,Frederick G. Reed,
2017_02303.htm.txt,John T. Ward,
2017_02304.htm.txt,Robert C. Noonan,
2017_02307.htm.txt,Francis A. Affronti,
2017_02308.htm.txt,John J. Brunetti,
2017_02309.htm.txt,Francis A. Affronti,
2017_02317.htm.txt,Thomas J. Miller,
2017_02320.htm.txt,Vincent M. Dinolfo,
2017_02321.htm.txt,Victoria M. Argento,
2017_02323.htm.txt,Dennis M. Kehoe,
2017_02324.htm.txt,Michael L. Dwyer,
2017_02334.htm.txt,,
2017_02335.htm.txt,,
2017_02336.htm.txt,,
2017_02337.htm.txt,,
2017_02338.htm.txt,,
2017_02339.htm.txt,,
2017_02340.htm.txt,,
2017_02341.htm.txt,,
2017_02342.htm.txt,,
2017_02343.htm.txt,,
2017_02347.htm.txt,,
2017_02349.htm.txt,,
2017_02351.htm.txt,,
2017_02355.htm.txt,,
2017_02357.htm.txt,,
2017_02372.htm.txt,Gregory Carro,
2017_02375.htm.txt,"Daniel P. Conviser, Arlene D. Goldberg",
2017_02376.htm.txt,Bonnie Wittner,
2017_02378.htm.txt,Gregory Carro,
2017_02382.htm.txt,Michael J. Obus,
2017_02384.htm.txt,Leonard Livote,
2017_02389.htm.txt,Eugene Oliver,
2017_02392.htm.txt,Ronald Zweibel,
2017_02441.htm.txt,Collini,
2017_02442.htm.txt,,
2017_02443.htm.txt,Harrington,
2017_02444.htm.txt,Dwyer,
2017_02445.htm.txt,Efman,
2017_02446.htm.txt,Grella,
2017_02447.htm.txt,Delligatti,
2017_02448.htm.txt,,
2017_02449.htm.txt,Braslow,
2017_02450.htm.txt,Warhit,
2017_02451.htm.txt,Forman,
2017_02452.htm.txt,Margulis,
2017_02471.htm.txt,Lawliss,
2017_02472.htm.txt,Herrick,
2017_02473.htm.txt,Campbell,
2017_02474.htm.txt,Giardino,
2017_02475.htm.txt,Hall Jr.,
2017_02476.htm.txt,Meyer,
2017_02477.htm.txt,Williams,
2017_02478.htm.txt,Richards,
2017_02479.htm.txt,Lambert,
2017_02509.htm.txt,Ethan Greenberg,
2017_02512.htm.txt,Marcy L. Kahn,
2017_02515.htm.txt,Gregory Carro,
2017_02518.htm.txt,"Carol Berkman, Laura A. Ward"," at plea, at re-plea and sentencing"
2017_02520.htm.txt,Gregory Carro,
2017_02530.htm.txt,Russell P. Buscaglia,
2017_02531.htm.txt,Thomas E. Moran,
2017_02536.htm.txt,Barry M. Donalty,
2017_02537.htm.txt,Barry M. Donalty,
2017_02538.htm.txt,Christopher J. Burns,
2017_02539.htm.txt,Christopher J. Burns,
2017_02541.htm.txt,James J. Piampiano,
2017_02547.htm.txt,James J. Piampiano,
2017_02548.htm.txt,James J. Piampiano,
2017_02554.htm.txt,Frank P. Geraci, J.
2017_02555.htm.txt,Robert C. Noonan,
2017_02556.htm.txt,Francis A. Affronti,
2017_02563.htm.txt,Sara Sheldon,
2017_02564.htm.txt,M. William Boller,
2017_02565.htm.txt,Daniel J. Doyle,
2017_02570.htm.txt,Christopher S. Ciaccio,
2017_02571.htm.txt,Daniel J. Doyle,
2017_02575.htm.txt,Ronald D. Ploetz,
2017_02576.htm.txt,Walter W. Hafner, J.
2017_02582.htm.txt,Joseph W. Latham,
2017_02583.htm.txt,Joseph W. Latham,
2017_02595.htm.txt,Marcy L. Kahn,
2017_02598.htm.txt,Arlene D. Goldberg,
2017_02600.htm.txt,Charles Solomon,
2017_02603.htm.txt,Steven Barrett,
2017_02604.htm.txt,Edward J. McLaughlin,
2017_02666.htm.txt,Zambelli,
2017_02667.htm.txt,,
2017_02668.htm.txt,Rooney,
2017_02669.htm.txt,Everett,
2017_02670.htm.txt,Del Giudice,
2017_02671.htm.txt,De Rosa,
2017_02672.htm.txt,Lopez,
2017_02673.htm.txt,Lopez,
2017_02674.htm.txt,Cyrulnik,
2017_02675.htm.txt,Latella,
2017_02676.htm.txt,DiMango,
2017_02677.htm.txt,Delligatti,
2017_02678.htm.txt,Latella,
2017_02679.htm.txt,Aloise,
2017_02680.htm.txt,Guzman,
2017_02681.htm.txt,Cyrulnik,
2017_02682.htm.txt,,
2017_02683.htm.txt,,
2017_02684.htm.txt,Brennan,
2017_02685.htm.txt,Chun,
2017_02692.htm.txt,Nichols,
2017_02693.htm.txt,Breslin,
2017_02694.htm.txt,Burns,
2017_02695.htm.txt,Lynch,
2017_02724.htm.txt,"Herbert J. Adlerberg, Richard D. Carruthers",
2017_02728.htm.txt,Melissa C. Jackson,
2017_02733.htm.txt,Marcy L. Kahn,
2017_02734.htm.txt,Neil E. Ross,
2017_02738.htm.txt,"Maxwell Wiley, Gregory Carro",
2017_02750.htm.txt,Maxwell Wiley,
2017_02752.htm.txt,William Mogulescu,
2017_02757.htm.txt,Steven L. Barrett,
2017_02760.htm.txt,Edward J. McLaughlin,
2017_02763.htm.txt,Jill Konviser,
2017_02767.htm.txt,Gregory Carro,
2017_02798.htm.txt,,
2017_02807.htm.txt,Doyle,
2017_02808.htm.txt,Gubbay,
2017_02809.htm.txt,Dowling,
2017_02810.htm.txt,Gerald,
2017_02811.htm.txt,,
2017_02812.htm.txt,Wong,
2017_02813.htm.txt,"Chin-Brandt, E. Hart"," at plea, at sentence"
2017_02814.htm.txt,D'Emic,
2017_02815.htm.txt,Warhit,
2017_02816.htm.txt,Greller,
2017_02817.htm.txt,,
2017_02818.htm.txt,Cacace,
2017_02819.htm.txt,Buchter,
2017_02820.htm.txt,Foley,
2017_02821.htm.txt,Efman,
2017_02822.htm.txt,D'Emic,
2017_02823.htm.txt,Modica,
2017_02824.htm.txt,Zuckerman,
2017_02825.htm.txt,Minihan,
2017_02826.htm.txt,Gubbay,
2017_02827.htm.txt,,
2017_02828.htm.txt,Gary,
2017_02829.htm.txt,Gary,
2017_02830.htm.txt,Cacace,
2017_02831.htm.txt,Lewis,
2017_02832.htm.txt,,
2017_02833.htm.txt,Corrigan,
2017_02834.htm.txt,Mattei,
2017_02835.htm.txt,Brennan,
2017_02840.htm.txt,Richards,
2017_02841.htm.txt,Ceresia,
2017_02842.htm.txt,McGill,
2017_02843.htm.txt,McDonough,
2017_02844.htm.txt,Giardino,
2017_02845.htm.txt,LaBuda,
2017_02846.htm.txt,Lynch,
2017_02847.htm.txt,Rich Jr.,
2017_02848.htm.txt,Burns,
2017_02849.htm.txt,McGill,
2017_02850.htm.txt,McGill,
2017_02851.htm.txt,Campbell,
2017_02879.htm.txt,Ronald A. Zweibel,
2017_02884.htm.txt,Alberto Lorenzo,
2017_02886.htm.txt,Melissa Jackson,
2017_02889.htm.txt,Michael R. Sonberg,
2017_02891.htm.txt,Thomas Farber,
2017_02893.htm.txt,Robert A. Sackett,
2017_02897.htm.txt,Juan M. Merchan,
2017_02901.htm.txt,Carol Berkman,
2017_02903.htm.txt,Ruth Pickholz,
2017_02909.htm.txt,Richard M. Weinberg,
2017_02912.htm.txt,"Renee A. White, Laura A. Ward",
2017_02915.htm.txt,Raymond L. Bruce,
2017_02917.htm.txt,Neil E. Ross,
2017_02921.htm.txt,Edward J. McLaughlin,
2017_02924.htm.txt,"Lewis Bart Stone, Melissa Jackson"," at plea, at sentencing"
2017_02930.htm.txt,Laura Ward,
2017_02931.htm.txt,Steven L. Barrett,
2017_02933.htm.txt,Edward J. McLaughlin,
2017_02936.htm.txt,Thomas Farber,
2017_02939.htm.txt,Melissa Jackson,
2017_02940.htm.txt,Bruce Allen,
2017_02943.htm.txt,Juan M. Merchan,
2017_02946.htm.txt,Ronald Zweibel,
2017_02948.htm.txt,Edward J. McLaughlin,
2017_02950.htm.txt,Laura Ward,
2017_02953.htm.txt,Michael R. Sonberg,
2017_02954.htm.txt,"Thomas Farber, Eduardo Padro",
2017_03011.htm.txt,Murphy,
2017_03012.htm.txt,De Rosa,
2017_03013.htm.txt,Balter,
2017_03014.htm.txt,Marrus,
2017_03015.htm.txt,Guzman,
2017_03016.htm.txt,,
2017_03017.htm.txt,Griffin,
2017_03018.htm.txt,Toomey,
2017_03019.htm.txt,Riviezzo,
2017_03020.htm.txt,Everett,
2017_03021.htm.txt,D'Emic,
2017_03022.htm.txt,Koenderman,
2017_03023.htm.txt,Neary,
2017_03024.htm.txt,Gary,
2017_03043.htm.txt,Margaret L. Clancy,
2017_03048.htm.txt,Neil Ross,
2017_03050.htm.txt,Ronald A. Zweibel,
2017_03053.htm.txt,Bonnie Wittner,
2017_03056.htm.txt,"Maxwell Wiley, Bruce Allen"," at speedy trial motion, at jury trial and sentencing"
2017_03060.htm.txt,Renee A. White,
2017_03066.htm.txt,Bonnie Wittner,
2017_03068.htm.txt,Thomas Farber,
2017_03071.htm.txt,Thomas Farber,
2017_03074.htm.txt,Shari R. Michels,
2017_03077.htm.txt,Hayden,
2017_03078.htm.txt,Lynch,
2017_03079.htm.txt,McDonough,
2017_03080.htm.txt,Breslin,
2017_03111.htm.txt,Gregory Carro,
2017_03112.htm.txt,"Lewis Bart Stone, Larry R.C. Stephen"," at plea, at sentencing"
2017_03113.htm.txt,Martin Marcus,
2017_03116.htm.txt,Jill Konviser,
2017_03118.htm.txt,"Daniel Fitzgerald, Richard Carruthers",
2017_03119.htm.txt,Barbara F. Newman,
2017_03121.htm.txt,Richard D. Carruthers,
2017_03122.htm.txt,Ruth Pickholz,
2017_03129.htm.txt,Edward J. McLaughlin,
2017_03134.htm.txt,Frank P. Milano,
2017_03137.htm.txt,George Villegas,
2017_03139.htm.txt,Bruce Allen,
2017_03140.htm.txt,Patricia M. Nuñez,
2017_03141.htm.txt,Rena K. Uviller,
2017_03191.htm.txt,Ingram,
2017_03192.htm.txt,Schwartz,
2017_03193.htm.txt,Kelly,
2017_03194.htm.txt,Simpson,
2017_03195.htm.txt,Cohen,
2017_03196.htm.txt,Collins,
2017_03197.htm.txt,"Chin-Brandt, Zaro"," at plea, at sentence"
2017_03198.htm.txt,De Rosa,
2017_03199.htm.txt,D'Emic,
2017_03200.htm.txt,Kahn,
2017_03201.htm.txt,Dwyer,
2017_03202.htm.txt,Rienzi,
2017_03203.htm.txt,Cacace,
2017_03204.htm.txt,Foley,
2017_03205.htm.txt,Brennan,
2017_03222.htm.txt,Herrick,
2017_03223.htm.txt,Lambert,
2017_03224.htm.txt,Herrick,
2017_03225.htm.txt,Richards,
2017_03226.htm.txt,Richards,
2017_03227.htm.txt,Richards,
2017_03261.htm.txt,"Edward J. McLaughlin, Juan M. Merchan"," at suppression hearing, at jury trial and sentencing"
2017_03264.htm.txt,"Renee A. White, Melissa C. Jackson"," at nonjury trial and sentencing, at reconstruction hear..."
2017_03268.htm.txt,"Renee A. White, Melissa C. Jackson"," at plea, at sentencing"
2017_03271.htm.txt,Jill Konviser,
2017_03274.htm.txt,Arlene D. Goldberg,
2017_03275.htm.txt,Robert M. Stolz,
2017_03277.htm.txt,Neil Ross,
2017_03279.htm.txt,Robert C. Noonan,
2017_03280.htm.txt,M. William Boller,
2017_03287.htm.txt,Alex R. Renzi,
2017_03288.htm.txt,James J. Piampiano,
2017_03291.htm.txt,Kim H. Martusewicz,
2017_03292.htm.txt,Kim H. Martusewicz,
2017_03293.htm.txt,Anthony F. Aloi,
2017_03298.htm.txt,Russell P. Buscaglia,
2017_03307.htm.txt,Thomas P. Franczyk,
2017_03310.htm.txt,Thomas J. Miller,
2017_03311.htm.txt,James M. Metcalf,
2017_03317.htm.txt,Alex R. Renzi,
2017_03322.htm.txt,Robert C. Noonan,
2017_03323.htm.txt,Joseph E. Fahey,
2017_03324.htm.txt,Joseph E. Fahey,
2017_03325.htm.txt,Donald E. Todd,
2017_03326.htm.txt,Thomas E. Moran,
2017_03327.htm.txt,Joanne M. Winslow,
2017_03328.htm.txt,Michael L. Dwyer,
2017_03329.htm.txt,Donald E. Todd,
2017_03330.htm.txt,Daniel J. Doyle,
2017_03345.htm.txt,M. William Boller,
2017_03346.htm.txt,Thomas E. Moran,
2017_03347.htm.txt,Thomas P. Brown,
2017_03348.htm.txt,Dennis F. Bender,
2017_03349.htm.txt,William F. Kocher,
2017_03354.htm.txt,James J. Piampiano,
2017_03355.htm.txt,Christopher S. Ciaccio,
2017_03356.htm.txt,Joseph W. Latham,
2017_03357.htm.txt,Dennis S. Cohen,
2017_03358.htm.txt,Russell P. Buscaglia,
2017_03359.htm.txt,Penny M. Wolfgang,
2017_03360.htm.txt,Michael M. Mohun,
2017_03363.htm.txt,Thomas J. Miller,
2017_03364.htm.txt,Alex R. Renzi,
2017_03365.htm.txt,Donald E. Todd,
2017_03366.htm.txt,Victoria M. Argento,
2017_03367.htm.txt,Anthony F. Aloi,
2017_03368.htm.txt,Alex R. Renzi,
2017_03373.htm.txt,James J. Piampiano,
2017_03374.htm.txt,Mark H. Fandrich,
2017_03375.htm.txt,Michael F. Pietruszka,
2017_03382.htm.txt,James J. Piampiano,
2017_03383.htm.txt,Matthew J. Murphy, J.
2017_03384.htm.txt,Joanne M. Winslow,
2017_03385.htm.txt,Kim H. Martusewicz,
2017_03386.htm.txt,Penny M. Wolfgang,
2017_03389.htm.txt,Christopher S. Ciaccio,
2017_03390.htm.txt,Christopher J. Burns,
2017_03391.htm.txt,John H. Crandall,
2017_03392.htm.txt,Daniel J. Doyle,
2017_03393.htm.txt,Vincent M. Dinolfo,
2017_03394.htm.txt,Douglas A. Randall,
2017_03401.htm.txt,James J. Piampiano,
2017_03402.htm.txt,Michael F. Pietruszka,
2017_03403.htm.txt,Michael F. Pietruszka,
2017_03407.htm.txt,Michael M. Mohun,
2017_03408.htm.txt,Ronald D. Ploetz,
2017_03409.htm.txt,Alex R. Renzi,
2017_03422.htm.txt,,
2017_03423.htm.txt,,
2017_03424.htm.txt,,
2017_03425.htm.txt,,
2017_03426.htm.txt,,
2017_03427.htm.txt,,
2017_03428.htm.txt,,
2017_03436.htm.txt,,
2017_03441.htm.txt,,
2017_03447.htm.txt,Thomas Farber,
2017_03448.htm.txt,"Robert Straus, Gregory Carro, Daniel P. ...",
2017_03453.htm.txt,John Moore,
2017_03456.htm.txt,A. Kirke Bartley, J.
2017_03457.htm.txt,Ralph Fabrizio,
2017_03459.htm.txt,Richard D. Carruthers,
2017_03460.htm.txt,"Daniel P. FitzGerald, Marcy L. Kahn",
2017_03461.htm.txt,Daniel McCullough,
2017_03462.htm.txt,Ronald Zweibel,
2017_03527.htm.txt,Kelly,
2017_03528.htm.txt,Rooney,
2017_03529.htm.txt,,
2017_03530.htm.txt,,
2017_03531.htm.txt,"Berkowitz, Quinn"," at plea, at sentence"
2017_03532.htm.txt,Crecca,
2017_03533.htm.txt,Delligatti,
2017_03534.htm.txt,Gary,
2017_03535.htm.txt,Ozzi,
2017_03536.htm.txt,Gubbay,
2017_03537.htm.txt,Donnino,
2017_03538.htm.txt,Guzman,
2017_03539.htm.txt,Tomei,
2017_03540.htm.txt,Zambelli,
2017_03541.htm.txt,Greller,
2017_03542.htm.txt,Murphy,
2017_03543.htm.txt,De Rosa,
2017_03544.htm.txt,Margulis,
2017_03545.htm.txt,Delligatti,
2017_03562.htm.txt,Herrick,
2017_03563.htm.txt,Richards,
2017_03564.htm.txt,Herrick,
2017_03565.htm.txt,Rowley,
2017_03566.htm.txt,McDermott,
2017_03567.htm.txt,Herrick,
2017_03568.htm.txt,Loyola,
2017_03569.htm.txt,Lynch,
2017_03570.htm.txt,McKeighan,
2017_03571.htm.txt,Williams,
2017_03572.htm.txt,Williams Jr.,
2017_03573.htm.txt,Loyola,
2017_03574.htm.txt,Lambert,
2017_03575.htm.txt,Richards,
2017_03592.htm.txt,"Rena K. Uviller, Robert M. Stolz",
2017_03596.htm.txt,Ronald A. Zweibel,
2017_03597.htm.txt,Maxwell Wiley,
2017_03601.htm.txt,Renee A. White,
2017_03604.htm.txt,"Alvin Yearwood, Raymond L. Bruce"," at plea, re-plea and resentencing"
2017_03608.htm.txt,Ralph Fabrizio,
2017_03609.htm.txt,,
2017_03611.htm.txt,Marcy L. Kahn,
2017_03612.htm.txt,Charles H. Solomon,
2017_03615.htm.txt,Laura A. Ward,
2017_03616.htm.txt,Michael R. Sonberg,
2017_03621.htm.txt,Jill Konviser,
2017_03623.htm.txt,Daniel Conviser,
2017_03632.htm.txt,William D. Walsh,
2017_03634.htm.txt,Alex R. Renzi,
2017_03637.htm.txt,John J. Brunetti,
2017_03638.htm.txt,Ronald D. Ploetz,
2017_03640.htm.txt,Melchor E. Castro,
2017_03643.htm.txt,Robert B. Wiggins,
2017_03649.htm.txt,Victoria M. Argento,
2017_03650.htm.txt,Thomas E. Moran,
2017_03657.htm.txt,Thomas P. Franczyk,
2017_03658.htm.txt,Douglas A. Randall,
2017_03666.htm.txt,Alex R. Renzi,
2017_03667.htm.txt,Thomas P. Franczyk,
2017_03670.htm.txt,Robert C. Noonan,
2017_03675.htm.txt,John L. DeMarco,
2017_03676.htm.txt,Robert C. Noonan,
2017_03679.htm.txt,Donald E. Todd,
2017_03680.htm.txt,Joanne M. Winslow,
2017_03681.htm.txt,Joseph E. Fahey,
2017_03682.htm.txt,James P. Punch,
2017_03694.htm.txt,Edward J. McLaughlin,
2017_03698.htm.txt,Edward J. McLaughlin,
2017_03701.htm.txt,Daniel P. Conviser,
2017_03705.htm.txt,Robert M. Stolz,
2017_03763.htm.txt,"O'Reilly, O'Brien"," at plea, at sentence"
2017_03764.htm.txt,Cyrulnik,
2017_03765.htm.txt,Lewis,
2017_03766.htm.txt,,
2017_03767.htm.txt,Marrus,
2017_03768.htm.txt,Dowling,
2017_03769.htm.txt,Holder,
2017_03770.htm.txt,Toomey,
2017_03771.htm.txt,Latella,
2017_03772.htm.txt,Chun,
2017_03773.htm.txt,Marrus,
2017_03774.htm.txt,Cyrulnik,
2017_03775.htm.txt,Modica,
2017_03776.htm.txt,Holder,
2017_03777.htm.txt,Lopresto,
2017_03778.htm.txt,Zambelli,
2017_03779.htm.txt,Carter,
2017_03780.htm.txt,Schwartz,
2017_03781.htm.txt,Ingram,
2017_03782.htm.txt,DeRosa,
2017_03783.htm.txt,Braslow,
2017_03784.htm.txt,Kron,
2017_03802.htm.txt,Williams,
2017_03803.htm.txt,Lambert,
2017_03804.htm.txt,McDonough,
2017_03805.htm.txt,Giardino,
2017_03806.htm.txt,Hayden,
2017_03807.htm.txt,Rowley,
2017_03808.htm.txt,Keene,
2017_03809.htm.txt,Herrick,
2017_03810.htm.txt,Cassidy,
2017_03811.htm.txt,Burns,
2017_03846.htm.txt,Ruth Pickholz,
2017_03854.htm.txt,Eugene Oliver,
2017_03860.htm.txt,Steven L. Barrett,
2017_03862.htm.txt,Daniel P. Conviser,
2017_03867.htm.txt,Efrain Alvarado,
2017_03876.htm.txt,Bonnie G. Wittner,
2017_03884.htm.txt,"William Mogulescu, George R. Villegas",
2017_03885.htm.txt,Marc Whiten,
2017_03893.htm.txt,Melissa Jackson,
2017_03897.htm.txt,A. Kirke Bartley, J.
2017_03902.htm.txt,Bonnie G. Wittner,
2017_03909.htm.txt,Ruth Pickholz,
2017_03912.htm.txt,,
2017_03962.htm.txt,Dwyer,
2017_03963.htm.txt,,
2017_03964.htm.txt,Collins,
2017_03965.htm.txt,Reitz,
2017_03966.htm.txt,Miller,
2017_03967.htm.txt,Hinrichs,
2017_03968.htm.txt,Murphy,
2017_03969.htm.txt,,
2017_03970.htm.txt,Blumenfeld,
2017_03971.htm.txt,,
2017_03972.htm.txt,Sullivan,
2017_03973.htm.txt,Lopez,
2017_03974.htm.txt,Cohen,
2017_03975.htm.txt,Zambelli,
2017_03976.htm.txt,W. Miller,
2017_03977.htm.txt,Cohen,
2017_03978.htm.txt,Apotheker,
2017_03988.htm.txt,Williams,
2017_03989.htm.txt,Lynch,
2017_03990.htm.txt,Williams,
2017_03991.htm.txt,Breslin,
2017_03992.htm.txt,Nichols,
2017_03993.htm.txt,McGinty,
2017_03994.htm.txt,Richards,
2017_03995.htm.txt,Cawley,
2017_04041.htm.txt,Eugene Oliver, J.
2017_04044.htm.txt,"Juan M. Merchan, Ronald A. Zweibel"," at suppression hearing, at jury trial and sentencing"
2017_04047.htm.txt,"Charles H. Solomon, Thomas Farber"," at suppression hearing, at plea and sentencing"
2017_04050.htm.txt,"Herbert J. Adlerberg, Eduardo Padro"," at suppression hearing, at plea and sentencing"
2017_04055.htm.txt,Michael J. Obus,
2017_04060.htm.txt,Jill Konviser,
2017_04064.htm.txt,Edward J. McLaughlin,
2017_04065.htm.txt,Edward J. McLaughlin,
2017_04071.htm.txt,Barry R. Ostrager,
2017_04072.htm.txt,Tandra L. Dawson,
2017_04079.htm.txt,Martin Marcus,
2017_04083.htm.txt,Robert Stolz,
2017_04114.htm.txt,Lewis,
2017_04130.htm.txt,Balter,
2017_04131.htm.txt,Balter,
2017_04132.htm.txt,Gary,
2017_04133.htm.txt,,
2017_04134.htm.txt,,
2017_04135.htm.txt,Camacho,
2017_04136.htm.txt,Buchter,
2017_04137.htm.txt,Chun,
2017_04138.htm.txt,,
2017_04139.htm.txt,Dowling,
2017_04140.htm.txt,,
2017_04141.htm.txt,Forman,
2017_04142.htm.txt,Chin-Brandt,
2017_04143.htm.txt,Hollie,
2017_04144.htm.txt,Zambelli,
2017_04145.htm.txt,Camacho,
2017_04146.htm.txt,O'Brien,
2017_04147.htm.txt,Kohm,
2017_04148.htm.txt,Lopresto,
2017_04149.htm.txt,Blumenfeld,
2017_04150.htm.txt,,
2017_04151.htm.txt,Donnelly,
2017_04152.htm.txt,Berry,
2017_04153.htm.txt,Mattei,
2017_04154.htm.txt,Nelson,
2017_04155.htm.txt,Dowling,
2017_04165.htm.txt,Cawley,
2017_04166.htm.txt,McDonough,
2017_04167.htm.txt,Ryan,
2017_04168.htm.txt,Nichols,
2017_04169.htm.txt,Tailleur,
2017_04170.htm.txt,Giardino,
2017_04171.htm.txt,Richards,
2017_04172.htm.txt,Richards,
2017_04173.htm.txt,Hall Sr.,
2017_04174.htm.txt,Lynch,
2017_04175.htm.txt,Richards,
2017_04176.htm.txt,McDonough,
2017_04177.htm.txt,Sypniewski,
2017_04178.htm.txt,Richards,
2017_04200.htm.txt,Abraham L. Clott,
2017_04209.htm.txt,Peter J. Benitez,
2017_04212.htm.txt,Laura A. Ward,
2017_04214.htm.txt,John Moore,
2017_04220.htm.txt,Robert M. Stolz,
2017_04224.htm.txt,"Ethan Greenberg, Steven L. Barrett",
2017_04230.htm.txt,Richard Carruthers,
2017_04232.htm.txt,Judith Lieb,
2017_04236.htm.txt,"Gregory Carro, Rena K. Uviller",
2017_04237.htm.txt,Patricia M. Nuñez,
2017_04287.htm.txt,Adler,
2017_04288.htm.txt,,
2017_04289.htm.txt,Lopez,
2017_04290.htm.txt,Murphy,
2017_04291.htm.txt,Melendez,
2017_04292.htm.txt,,
2017_04293.htm.txt,Rooney,
2017_04294.htm.txt,Berkowitz,
2017_04295.htm.txt,,
2017_04296.htm.txt,Kelly,
2017_04297.htm.txt,Mangano, J.
2017_04298.htm.txt,Mangano, J.
2017_04299.htm.txt,Quinn,
2017_04300.htm.txt,Marrus,
2017_04301.htm.txt,Grella,
2017_04302.htm.txt,Robbins,
2017_04303.htm.txt,Kahn,
2017_04325.htm.txt,Koweek,
2017_04326.htm.txt,Williams Jr.,
2017_04327.htm.txt,Smith,
2017_04359.htm.txt,Bonnie G. Wittner,
2017_04364.htm.txt,Abraham L. Clott,
2017_04370.htm.txt,Maxwell Wiley,
2017_04374.htm.txt,Steven L. Barrett,
2017_04376.htm.txt,Thomas Farber,
2017_04377.htm.txt,William I. Mogulescu,
2017_04391.htm.txt,Miriam Best,
2017_04392.htm.txt,"Renee A. White, Rena K. Uviller",
2017_04393.htm.txt,Robert M. Mandelbaum,
2017_04396.htm.txt,Charles H. Solomon,
2017_04399.htm.txt,Melissa C. Jackson,
2017_04403.htm.txt,"Ronald Zweibel, Daniel P. Fitzgerald",
2017_04449.htm.txt,Goldberg,
2017_04450.htm.txt,Goldberg,
2017_04451.htm.txt,Goldberg,
2017_04452.htm.txt,Honorof,
2017_04453.htm.txt,Garnett,
2017_04454.htm.txt,,
2017_04455.htm.txt,Carter,
2017_04456.htm.txt,Greller,
2017_04457.htm.txt,Aloise,
2017_04458.htm.txt,Margulis,
2017_04459.htm.txt,Ingram,
2017_04460.htm.txt,Lopez,
2017_04461.htm.txt,Sullivan,
2017_04462.htm.txt,Latella,
2017_04463.htm.txt,Ambro,
2017_04464.htm.txt,Grella,
2017_04465.htm.txt,,
2017_04466.htm.txt,"Rosenwasser, Freehill"," at plea, at sentence"
2017_04467.htm.txt,Kron,
2017_04468.htm.txt,Mullings,
2017_04469.htm.txt,Chin-Brandt,
2017_04470.htm.txt,Donnino,
2017_04471.htm.txt,Goldberg,
2017_04472.htm.txt,Sullivan,
2017_04473.htm.txt,Hollie,
2017_04474.htm.txt,Holder,
2017_04475.htm.txt,Margulis,
2017_04476.htm.txt,,
2017_04477.htm.txt,De Rosa,
2017_04478.htm.txt,Sheryl L. Parker,
2017_04497.htm.txt,Drago,
2017_04498.htm.txt,Cawley Jr.,
2017_04499.htm.txt,Richards,
2017_04500.htm.txt,McGrath,
2017_04501.htm.txt,Williams,
2017_04502.htm.txt,Rowley,
2017_04524.htm.txt,Herrick,
2017_04539.htm.txt,Gregory Carro,
2017_04540.htm.txt,Bonnie G. Wittner,
2017_04545.htm.txt,Troy K. Webber,
2017_04547.htm.txt,Jill Konviser,
2017_04552.htm.txt,Larry R.C. Stephen,
2017_04554.htm.txt,"Daniel P. Conviser, James M. Burke"," at suppression hearing, at jury trial and sentencing"
2017_04556.htm.txt,Richard M. Weinberg,
2017_04559.htm.txt,Renee A. White,
2017_04564.htm.txt,Juan M. Merchan,
2017_04568.htm.txt,Steven L. Barrett,
2017_04569.htm.txt,Steven L. Barrett,
2017_04570.htm.txt,"Marcy L. Kahn, Bonnie G. Wittner",
2017_04572.htm.txt,Barbara F. Newman,
2017_04577.htm.txt,Daniel R. King,
2017_04579.htm.txt,Vincent M. Dinolfo,
2017_04581.htm.txt,Craig J. Doran,
2017_04584.htm.txt,Sheila A. DiTullio,
2017_04597.htm.txt,Dennis M. Kehoe,
2017_04598.htm.txt,Dennis M. Kehoe,
2017_04599.htm.txt,Dennis M. Kehoe,
2017_04600.htm.txt,Thomas J. Miller,
2017_04604.htm.txt,Sara S. Farkas,
2017_04605.htm.txt,Joseph E. Fahey,
2017_04611.htm.txt,John L. DeMarco,
2017_04615.htm.txt,John B. Nesbitt,
2017_04616.htm.txt,Thomas J. Miller,
2017_04617.htm.txt,David W. Foley,
2017_04618.htm.txt,Robert C. Noonan,
2017_04628.htm.txt,Alex R. Renzi,
2017_04629.htm.txt,Dennis F. Bender,
2017_04630.htm.txt,Dennis F. Bender,
2017_04637.htm.txt,Thomas J. Miller,
2017_04638.htm.txt,Douglas A. Randall,
2017_04649.htm.txt,Mark H. Fandrich,
2017_04650.htm.txt,Francis A. Affronti,
2017_04651.htm.txt,Thomas G. Leone,
2017_04652.htm.txt,James J. Piampiano,
2017_04653.htm.txt,John R. Schwartz,
2017_04663.htm.txt,Melchor E. Castro,
2017_04664.htm.txt,Thomas J. Miller,
2017_04665.htm.txt,Matthew J. Murphy, J.
2017_04666.htm.txt,Alex R. Renzi,
2017_04667.htm.txt,Stephen R. Sirkin,
2017_04668.htm.txt,Robert B. Wiggins,
2017_04669.htm.txt,Vincent M. Dinolfo,
2017_04675.htm.txt,John L. DeMarco,
2017_04676.htm.txt,Thomas G. Leone,
2017_04677.htm.txt,John B. Nesbitt,
2017_04678.htm.txt,Thomas G. Leone,
2017_04679.htm.txt,Matthew J. Murphy, J.
2017_04680.htm.txt,William F. Kocher,
2017_04681.htm.txt,Mark H. Fandrich,
2017_04682.htm.txt,Penny M. Wolfgang,
2017_04683.htm.txt,Deborah A. Haendiges,
2017_04689.htm.txt,Robert B. Wiggins,
2017_04692.htm.txt,Vincent M. Dinolfo,
2017_04693.htm.txt,Robert C. Noonan,
2017_04694.htm.txt,Victoria M. Argento,
2017_04695.htm.txt,Joseph E. Fahey,
2017_04700.htm.txt,Alex R. Renzi,
2017_04701.htm.txt,Richard C. Kloch, A.J.
2017_04702.htm.txt,Frank P. Geraci, J.
2017_04703.htm.txt,Anthony F. Aloi,
2017_04704.htm.txt,Dennis S. Cohen,
2017_04705.htm.txt,Frank P. Geraci, J.
2017_04711.htm.txt,William F. Kocher,
2017_04712.htm.txt,William F. Kocher,
2017_04713.htm.txt,Robert C. Noonan,
2017_04714.htm.txt,Thomas G. Leone,
2017_04715.htm.txt,Thomas G. Leone,
2017_04716.htm.txt,Alex R. Renzi,
2017_04717.htm.txt,Thomas J. Miller,
2017_04718.htm.txt,Thomas J. Miller,
2017_04719.htm.txt,Francis A. Affronti,
2017_04722.htm.txt,Matthew J. Murphy, J.
2017_04723.htm.txt,Russell P. Buscaglia,
2017_04733.htm.txt,Christopher S. Ciaccio,
2017_04734.htm.txt,Matthew J. Murphy, J.
2017_04743.htm.txt,JoAnne M. Winslow,
2017_04744.htm.txt,James P. Punch,
2017_04745.htm.txt,Dennis M. Kehoe,
2017_04753.htm.txt,,
2017_04754.htm.txt,,
2017_04755.htm.txt,,
2017_04756.htm.txt,,
2017_04757.htm.txt,,
2017_04758.htm.txt,,
2017_04759.htm.txt,,
2017_04760.htm.txt,,
2017_04761.htm.txt,,
2017_04762.htm.txt,,
2017_04764.htm.txt,,
2017_04772.htm.txt,,
2017_04773.htm.txt,,
2017_04781.htm.txt,"Cassandra M. Mullen, Eduardo Padró",
2017_04785.htm.txt,Edward McLaughlin,
2017_04788.htm.txt,Jill Konviser,
2017_04790.htm.txt,Michael J. Obus,
2017_04791.htm.txt,Bruce Allen,
2017_04795.htm.txt,"Miriam R. Best, Denis J. Boyle",
2017_04799.htm.txt,"Abraham Clott, Larry Stephen",
2017_04801.htm.txt,Charles Solomon,
2017_04802.htm.txt,"Barbara F. Newman, Seth L. Marvin",
2017_04803.htm.txt,Bruce Allen,
2017_04806.htm.txt,Daniel McCullough,
2017_04809.htm.txt,Efrain Alvarado,
2017_04854.htm.txt,,
2017_04855.htm.txt,Warhit,
2017_04856.htm.txt,Holder,
2017_04857.htm.txt,Rooney,
2017_04858.htm.txt,Braslow,
2017_04859.htm.txt,McKay,
2017_04860.htm.txt,Greller,
2017_04861.htm.txt,Greller,
2017_04862.htm.txt,Mondo,
2017_04863.htm.txt,,
2017_04864.htm.txt,Gary,
2017_04865.htm.txt,,
2017_04866.htm.txt,Firetog,
2017_04867.htm.txt,Efman,
2017_04868.htm.txt,Cacace,
2017_04869.htm.txt,Margulis,
2017_04870.htm.txt,Cacace,
2017_04881.htm.txt,Eugene Oliver, J.
2017_04886.htm.txt,Miriam Best,
2017_04888.htm.txt,Cassandra M. Mullen,
2017_04890.htm.txt,Maxwell Wiley,
2017_04892.htm.txt,Seth L. Marvin,
2017_04893.htm.txt,Robert E. Torres,
2017_04897.htm.txt,Leonard Livote,
2017_04904.htm.txt,"Michael J. Obus, Bonnie G. Wittner",
2017_04907.htm.txt,Richard D. Carruthers,
2017_04908.htm.txt,Michael J. Obus,
2017_04910.htm.txt,Edward J. McLaughlin,
2017_04911.htm.txt,Juan M. Merchan,
2017_04914.htm.txt,Cawley, J.
2017_04915.htm.txt,Richards,
2017_04916.htm.txt,Smith,
2017_04917.htm.txt,Smith,
2017_04918.htm.txt,Smith,
2017_04967.htm.txt,Alex R. Renzi,
2017_04969.htm.txt,W. Patrick Falvey,
2017_04976.htm.txt,John J. Brunetti,
2017_04977.htm.txt,John L. DeMarco,
2017_04978.htm.txt,John L. DeMarco,
2017_04982.htm.txt,Francis A. Affronti,
2017_04983.htm.txt,Joseph W. Latham,
2017_04984.htm.txt,Joseph E. Fahey,
2017_04985.htm.txt,Melchor E. Castro,
2017_04986.htm.txt,Victoria M. Argento,
2017_04990.htm.txt,James J. Piampiano,
2017_04995.htm.txt,Joanne M. Winslow,
2017_04996.htm.txt,William F. Kocher,
2017_04997.htm.txt,Melchor E. Castro,
2017_05003.htm.txt,David D. Egan,
2017_05004.htm.txt,Richard C. Kloch, A.J.
2017_05005.htm.txt,Richard C. Kloch, A.J.
2017_05010.htm.txt,Alex R. Renzi,
2017_05011.htm.txt,Victoria M. Argento,
2017_05015.htm.txt,Francis A. Affronti,
2017_05018.htm.txt,Thomas E. Moran,
2017_05019.htm.txt,M. William Boller,
2017_05020.htm.txt,James J. Piampiano,
2017_05021.htm.txt,Thomas P. Franczyk,
2017_05022.htm.txt,Mark H. Fandrich,
2017_05024.htm.txt,"Shari R. Michels, Ethan Greenberg",
2017_05027.htm.txt,"Bonnie Wittner, Roger Hayes",
2017_05029.htm.txt,Ann M. Donnelly,
2017_05031.htm.txt,,
2017_05033.htm.txt,Denis J. Boyle, at sentencing and resentencing
2017_05035.htm.txt,Michael J. Obus,
2017_05038.htm.txt,Troy K. Webber,
2017_05041.htm.txt,Ronald A. Zweibel,
2017_05047.htm.txt,Bonnie Wittner,
2017_05049.htm.txt,"Bonnie Wittner, Robert Stolz",
2017_05051.htm.txt,Daniel P. FitzGerald,
2017_05052.htm.txt,"Carol Berkman, A. Kirke Bartley, Jill Ko...", J. at first part of trial
2017_05053.htm.txt,Neil E. Ross,
2017_05101.htm.txt,Braslow,
2017_05102.htm.txt,Hollie,
2017_05103.htm.txt,Cohen,
2017_05104.htm.txt,Margulis,
2017_05105.htm.txt,Hudson,
2017_05106.htm.txt,Rooney,
2017_05123.htm.txt,Ryan,
2017_05124.htm.txt,Coccoma,
2017_05125.htm.txt,Hayden,
2017_05126.htm.txt,Herrick,
2017_05127.htm.txt,Cawley,
2017_05128.htm.txt,Lynch,
2017_05129.htm.txt,Loyola,
2017_05158.htm.txt,Ruth Pickholz,
2017_05163.htm.txt,Jill Konviser,
2017_05165.htm.txt,Robert M. Stolz,
2017_05167.htm.txt,Robert M. Stolz,
2017_05168.htm.txt,Dominic R. Massaro,
2017_05170.htm.txt,Melissa C. Jackson,
2017_05177.htm.txt,"Renee A. White, Maxwell Wiley", J. at sentencing
2017_05178.htm.txt,Laura A. Ward,
2017_05179.htm.txt,"Edward J. McLaughlin, Neil E. Ross",
2017_05182.htm.txt,Arlene D. Goldberg,
2017_05185.htm.txt,Efrain Alvarado,
2017_05188.htm.txt,Marc Whiten,
2017_05190.htm.txt,Thomas Farber,
2017_05191.htm.txt,Arlene D. Goldberg,
2017_05233.htm.txt,Arriaga,
2017_05234.htm.txt,,
2017_05235.htm.txt,Buchter,
2017_05236.htm.txt,Latella,
2017_05237.htm.txt,D'Emic,
2017_05238.htm.txt,Ingram,
2017_05239.htm.txt,Chin-Brandt,
2017_05240.htm.txt,Chun,
2017_05241.htm.txt,Hollie,
2017_05242.htm.txt,Foley,
2017_05243.htm.txt,Rooney,
2017_05244.htm.txt,Apotheker,
2017_05245.htm.txt,W. Miller,
2017_05246.htm.txt,Guzman,
2017_05247.htm.txt,W. Miller,
2017_05248.htm.txt,D'Emic,
2017_05249.htm.txt,Ambro,
2017_05250.htm.txt,Mattei,
2017_05251.htm.txt,Kahn,
2017_05252.htm.txt,Koenderman,
2017_05270.htm.txt,Herrick,
2017_05271.htm.txt,Young,
2017_05272.htm.txt,Ryan,
2017_05273.htm.txt,Hall,
2017_05274.htm.txt,Smith,
2017_05275.htm.txt,Williams,
2017_05276.htm.txt,Williams,
2017_05277.htm.txt,Hayden,
2017_05278.htm.txt,Cawley,
2017_05279.htm.txt,Richards,
2017_05280.htm.txt,Richards,
2017_05313.htm.txt,"Charles H. Solomon, Gregory Carro"," at pretrial proceedings, at jury trial and sentencing"
2017_05318.htm.txt,Edward McLaughlin,
2017_05319.htm.txt,James M. Burke,
2017_05320.htm.txt,"Ronald A. Zweibel, James M. Burke"," at suppression hearing, at jury trial and sentencing"
2017_05322.htm.txt,"Herbert J. Adlerberg, Charles H. Solomon"," at suppression hearing, at suppression decisi..."
2017_05325.htm.txt,"Maxwell Wiley, Patricia M. Nuñez"," on pretrial motions and plea, at sentencing"
2017_05326.htm.txt,Bonnie Wittner,
2017_05330.htm.txt,Marianne Furfure,
2017_05331.htm.txt,Marianne Furfure,
2017_05332.htm.txt,Marianne Furfure,
2017_05339.htm.txt,Sara Sheldon,
2017_05342.htm.txt,Alex R. Renzi,
2017_05343.htm.txt,Sheila A. DiTullio,
2017_05347.htm.txt,Robert C. Noonan,
2017_05356.htm.txt,Kenneth F. Case,
2017_05357.htm.txt,Dennis F. Bender,
2017_05358.htm.txt,Dennis F. Bender,
2017_05359.htm.txt,Robert C. Noonan,
2017_05363.htm.txt,Kim H. Martusewicz,
2017_05364.htm.txt,Kim H. Martusewicz,
2017_05365.htm.txt,Mark H. Fandrich,
2017_05366.htm.txt,Thomas J. Miller,
2017_05367.htm.txt,William F. Kocher,
2017_05368.htm.txt,Francis A. Affronti,
2017_05369.htm.txt,Barry M. Donalty,
2017_05370.htm.txt,Kenneth F. Case,
2017_05374.htm.txt,Michael L. Dwyer,
2017_05376.htm.txt,Frederick G. Reed,
2017_05377.htm.txt,Melchor E. Castro,
2017_05378.htm.txt,Thomas G. Leone,
2017_05379.htm.txt,Joseph W. Latham,
2017_05384.htm.txt,Joseph E. Fahey,
2017_05385.htm.txt,Frederick G. Reed,
2017_05386.htm.txt,Thomas G. Leone,
2017_05387.htm.txt,James P. Punch,
2017_05388.htm.txt,Mark H. Fandrich,
2017_05389.htm.txt,Thomas P. Franczyk,
2017_05390.htm.txt,Christopher S. Ciaccio,
2017_05391.htm.txt,Vincent M. Dinolfo,
2017_05393.htm.txt,,
2017_05394.htm.txt,,
2017_05395.htm.txt,,
2017_05396.htm.txt,,
2017_05397.htm.txt,,
2017_05403.htm.txt,,
2017_05410.htm.txt,,
2017_05449.htm.txt,"Morris, E. Hart"," at plea, at sentence"
2017_05450.htm.txt,W. Miller,
2017_05451.htm.txt,Cohen,
2017_05452.htm.txt,Warhit,
2017_05453.htm.txt,Minihan,
2017_05454.htm.txt,W. Miller,
2017_05455.htm.txt,Chun,
2017_05456.htm.txt,Firetog,
2017_05457.htm.txt,Nicholas De Rosa,
2017_05458.htm.txt,Simpson,
2017_05459.htm.txt,J. Doyle,
2017_05460.htm.txt,De Rosa,
2017_05461.htm.txt,Williams,
2017_05462.htm.txt,Berry,
2017_05463.htm.txt,Cyrulnik,
2017_05464.htm.txt,Donnelly,
2017_05465.htm.txt,,
2017_05466.htm.txt,LoPresto,
2017_05467.htm.txt,Efman,
2017_05468.htm.txt,Ferdinand,
2017_05469.htm.txt,D'Emic,
2017_05470.htm.txt,Kahn,
2017_05474.htm.txt,McGuire,
2017_05475.htm.txt,Catena,
2017_05476.htm.txt,Herrick,
2017_05477.htm.txt,McDonough,
2017_05478.htm.txt,Revoir Jr.,
2017_05479.htm.txt,McKeighan,
2017_05501.htm.txt,"Peter J. Benitez and Efrain Alvarado, Ralph Fabrizio"," at grand jury-related applications, ..."
2017_05503.htm.txt,Denis J. Boyle,
2017_05507.htm.txt,John S. Moore,
2017_05509.htm.txt,"Alvin Yearwood, Judith Lieb"," at speedy trial motion, at jury trial and sentencing"
2017_05512.htm.txt,Charles H. Solomon,
2017_05514.htm.txt,Steven L. Barrett,
2017_05520.htm.txt,Thomas J. Miller,
2017_05521.htm.txt,Francis A. Affronti,
2017_05526.htm.txt,Donald E. Todd,
2017_05531.htm.txt,Vincent M. Dinolfo,
2017_05542.htm.txt,Thomas E. Moran,
2017_05544.htm.txt,Kenneth F. Case,
2017_05548.htm.txt,Alex R. Renzi,
2017_05549.htm.txt,Kim H. Martusewicz,
2017_05550.htm.txt,John Lewis DeMarco,
2017_05551.htm.txt,Daniel G. Barrett,
2017_05558.htm.txt,Craig J. Doran,
2017_05559.htm.txt,Robert C. Noonan,
2017_05562.htm.txt,Bonnie G. Wittner,
2017_05566.htm.txt,Ronald Zweibel,
2017_05567.htm.txt,Edward J. McLaughlin,
2017_05570.htm.txt,Bonnie G. Wittner,
2017_05573.htm.txt,Marcy L. Kahn,
2017_05615.htm.txt,Honorof,
2017_05616.htm.txt,Delligatti,
2017_05617.htm.txt,Reitz,
2017_05618.htm.txt,Thorsen,
2017_05619.htm.txt,Sullivan,
2017_05620.htm.txt,DiDomenico,
2017_05621.htm.txt,Braslow,
2017_05622.htm.txt,Dowling,
2017_05623.htm.txt,Berry,
2017_05624.htm.txt,Warhit,
2017_05625.htm.txt,Adler,
2017_05626.htm.txt,"Meyer, Rodriguez"," at plea, at sentence"
2017_05627.htm.txt,Chin-Brandt,
2017_05630.htm.txt,Cawley,
2017_05631.htm.txt,Nichols,
2017_05632.htm.txt,LaBuda,
2017_05633.htm.txt,Catena,
2017_05634.htm.txt,Lynch,
2017_05674.htm.txt,Robert M. Stolz,
2017_05678.htm.txt,"Rena K. Uviller, Robert M. Stolz",
2017_05680.htm.txt,Bruce Allen,
2017_05683.htm.txt,Ann M. Donnelly,
2017_05685.htm.txt,Juan M. Merchan,
2017_05693.htm.txt,Rena K. Uviller,
2017_05694.htm.txt,Bonnie G. Wittner,
2017_05747.htm.txt,Gazzillo,
2017_05748.htm.txt,Garnett,
2017_05749.htm.txt,Ambro,
2017_05750.htm.txt,Greller,
2017_05751.htm.txt,,
2017_05752.htm.txt,"J. Doyle, Condon"," at plea, at sentencing"
2017_05753.htm.txt,Gugerty,
2017_05754.htm.txt,Riviezzo,
2017_05755.htm.txt,Aloise,
2017_05756.htm.txt,Cacace,
2017_05757.htm.txt,Zayas,
2017_05758.htm.txt,Brennan,
2017_05763.htm.txt,Williams,
2017_05764.htm.txt,Breslin,
2017_05765.htm.txt,McKeighan,
2017_05766.htm.txt,McDermott,
2017_05767.htm.txt,Scarano,
2017_05768.htm.txt,Herrick,
2017_05769.htm.txt,Richards,
2017_05770.htm.txt,Young,
2017_05795.htm.txt,Thomas Farber,
2017_05797.htm.txt,Cassandra M. Mullen,
2017_05799.htm.txt,Richard D. Carruthers,
2017_05833.htm.txt,,
2017_05834.htm.txt,T. Murphy,
2017_05835.htm.txt,Sullivan,
2017_05836.htm.txt,Lopresto,
2017_05837.htm.txt,,
2017_05838.htm.txt,Nelson,
2017_05839.htm.txt,,
2017_05840.htm.txt,Buchter,
2017_05841.htm.txt,Donnelly,
2017_05842.htm.txt,Greller,
2017_05843.htm.txt,Freehill,
2017_05844.htm.txt,Marrus,
2017_05845.htm.txt,Cohen,
2017_05846.htm.txt,,
2017_05847.htm.txt,Foley,
2017_05848.htm.txt,Sullivan,
2017_05849.htm.txt,Zambelli,
2017_05850.htm.txt,Murphy,
2017_05851.htm.txt,Quinn,
2017_05852.htm.txt,Forman,
2017_05853.htm.txt,Berry,
2017_05854.htm.txt,Condon,
2017_05855.htm.txt,"Sciarrino, Hecht"," at plea, at sentence"
2017_05856.htm.txt,Ferdinand,
2017_05857.htm.txt,Riviezzo,
2017_05858.htm.txt,Thorsen,
2017_05859.htm.txt,Gerald,
2017_05860.htm.txt,Foley,
2017_05861.htm.txt,Mangano, J.
2017_05869.htm.txt,Cawley Jr.,
2017_05870.htm.txt,Meyer,
2017_05871.htm.txt,Ceresia,
2017_05872.htm.txt,McGill,
2017_05873.htm.txt,Herrick,
2017_05874.htm.txt,Giardino,
2017_05875.htm.txt,Williams,
2017_05876.htm.txt,McGuire,
2017_05877.htm.txt,Williams,
2017_05878.htm.txt,Campbell,
2017_05879.htm.txt,Keene,
2017_05880.htm.txt,Rowley,
2017_05881.htm.txt,Main Jr.,
2017_05882.htm.txt,Buckley,
2017_05883.htm.txt,Cassidy,
2017_05884.htm.txt,Hall Jr.,
2017_05917.htm.txt,Donald E. Todd,
2017_05918.htm.txt,Sara S. Farkas,
2017_05919.htm.txt,Peter J. Benitez,
2017_05920.htm.txt,Albert Lorenzo,
2017_05921.htm.txt,Steven L. Barrett,
2017_05922.htm.txt,"Ronald A. Zweibel, Ruth Pickholz",
2017_05964.htm.txt,Chun,
2017_05965.htm.txt,Zayas,
2017_05966.htm.txt,,
2017_05967.htm.txt,Murphy,
2017_05968.htm.txt,Lewis,
2017_05969.htm.txt,Del Giudice,
2017_05970.htm.txt,,
2017_05971.htm.txt,"Zuckerman, Everett"," at plea, at sentencing"
2017_05972.htm.txt,Murphy,
2017_05973.htm.txt,Camacho,
2017_05974.htm.txt,,
2017_05975.htm.txt,Ferdinand,
2017_05976.htm.txt,Delligatti,
2017_05977.htm.txt,Efman,
2017_05978.htm.txt,Zambelli,
2017_05979.htm.txt,De Rosa,
2017_05980.htm.txt,Griffin,
2017_05981.htm.txt,Harrington,
2017_05983.htm.txt,Rienzi,
2017_05984.htm.txt,Mullen,
2017_05985.htm.txt,Mattei,
2017_06082.htm.txt,Tomei,
2017_06083.htm.txt,,
2017_06084.htm.txt,Zambelli,
2017_06085.htm.txt,,
2017_06086.htm.txt,Del Giudice,
2017_06087.htm.txt,Del Giudice,
2017_06088.htm.txt,"Chin-Brandt, Armstrong"," at pleas, at sentences"
2017_06089.htm.txt,,
2017_06090.htm.txt,Griffin,
2017_06091.htm.txt,T. Murphy,
2017_06092.htm.txt,Tomei,
2017_06094.htm.txt,Mangano, J.
2017_06095.htm.txt,Tomei,
2017_06143.htm.txt,Michael Sonberg,
2017_06186.htm.txt,McKay,
2017_06187.htm.txt,Toomey,
2017_06188.htm.txt,Holder,
2017_06189.htm.txt,Bogle,
2017_06190.htm.txt,Schwartz,
2017_06191.htm.txt,Brennan,
2017_06192.htm.txt,Firetog,
2017_06193.htm.txt,Cohen,
2017_06194.htm.txt,Carter,
2017_06195.htm.txt,Berkowitz,
2017_06196.htm.txt,Gubbay,
2017_06197.htm.txt,Freehill,
2017_06198.htm.txt,Firetog,
2017_06199.htm.txt,Cacace,
2017_06200.htm.txt,Dowling,
2017_06201.htm.txt,Forman,
2017_06288.htm.txt,Forman,
2017_06289.htm.txt,Latella,
2017_06290.htm.txt,Murphy,
2017_06291.htm.txt,Shillingford,
2017_06292.htm.txt,Collins,
2017_06293.htm.txt,,
2017_06294.htm.txt,Minihan,
2017_06295.htm.txt,Griffin,
2017_06296.htm.txt,,
2017_06297.htm.txt,Margulis,
2017_06298.htm.txt,McKay,
2017_06299.htm.txt,De Rosa,
2017_06300.htm.txt,Carter,
2017_06301.htm.txt,Mangano, J.
2017_06302.htm.txt,Ambro,
2017_06303.htm.txt,Rooney,
2017_06304.htm.txt,De Rosa,
2017_06324.htm.txt,John L. DeMarco,
2017_06325.htm.txt,Frank P. Geraci, J.
2017_06326.htm.txt,Frederick G. Reed,
2017_06334.htm.txt,,
2017_06335.htm.txt,,
2017_06369.htm.txt,Tomei,
2017_06370.htm.txt,Lopresto,
2017_06371.htm.txt,Murphy,
2017_06372.htm.txt,Honorof,
2017_06373.htm.txt,Foley,
2017_06374.htm.txt,Warhit,
2017_06375.htm.txt,Collins,
2017_06376.htm.txt,Schwartz,
2017_06377.htm.txt,Corrigan,
2017_06378.htm.txt,Gary,
2017_06379.htm.txt,Williams,
2017_06380.htm.txt,Camacho,
2017_06381.htm.txt,Donnino,
2017_06382.htm.txt,Del Giudice,
2017_06383.htm.txt,Neary,
2017_06384.htm.txt,,
2017_06385.htm.txt,Condon,
2017_06386.htm.txt,Del Giudice,
2017_06387.htm.txt,Collins,
2017_06388.htm.txt,Mattei,
2017_06389.htm.txt,Paynter,
